NLC,Estacion,Entradas_semana,Entradas_sabado,Entradas_domingo,Salidas_semana,Salidas_sabado,Salidas_domingo,Entradas_salidas_anual_millones
501.0,Barbican,17136.0,6241.0,4267.0,17189.0,6432.0,4332.0,9.85
502.0,Aldgate,12031.0,2384.0,1946.0,11942.0,3471.0,2760.0,6.65
503.0,Aldgate East,16210.0,11047.0,10285.0,15070.0,9593.0,9154.0,10.13
505.0,Alperton,4450.0,3193.0,2264.0,4612.0,3189.0,2290.0,2.89
506.0,Amersham,3387.0,1675.0,1133.0,3708.0,1703.0,1024.0,2.1
507.0,Angel,28693.0,23305.0,13610.0,28832.0,23916.0,12990.0,18.58
508.0,Archway,13318.0,9381.0,5879.0,12385.0,7685.0,5458.0,8.06
509.0,Arnos Grove,6759.0,5165.0,3124.0,6269.0,4549.0,2886.0,4.16
510.0,Arsenal,4857.0,4290.0,2815.0,4159.0,3633.0,2685.0,3.02
511.0,Baker Street,45141.0,28647.0,21137.0,43559.0,26954.0,19743.0,27.74
512.0,Balham,19022.0,14215.0,8657.0,18398.0,13029.0,8634.0,11.9
513.0,Bank & Monument,88894.0,22224.0,9886.0,86366.0,21541.0,9324.0,47.75
514.0,Barking,23627.0,15706.0,11133.0,22558.0,14351.0,10341.0,14.51
515.0,Barkingside,1944.0,913.0,568.0,1840.0,902.0,568.0,1.12
516.0,Barons Court,11779.0,6683.0,4431.0,10715.0,5196.0,4060.0,6.81
517.0,Bayswater,7809.0,8524.0,7222.0,7520.0,8089.0,6333.0,5.54
518.0,Becontree,4802.0,2922.0,1709.0,4483.0,2696.0,1620.0,2.84
519.0,Belsize Park,10133.0,5473.0,3931.0,8916.0,5023.0,3550.0,5.81
520.0,Bethnal Green,23880.0,18788.0,13491.0,21915.0,17702.0,13158.0,15.06
521.0,Blackfriars,16297.0,6486.0,5053.0,15935.0,5257.0,3707.0,9.28
522.0,Blackhorse Road,11956.0,8903.0,5879.0,10879.0,7642.0,5417.0,7.3
524.0,Bond Street,59698.0,48080.0,27806.0,58719.0,46439.0,26273.0,38.07
525.0,Borough,7686.0,5231.0,3413.0,7663.0,5412.0,3432.0,4.84
526.0,Boston Manor,3066.0,2156.0,1555.0,3116.0,1868.0,1468.0,1.95
527.0,Bounds Green,9424.0,7066.0,4821.0,8387.0,5940.0,4605.0,5.74
528.0,Bow Road,8221.0,6170.0,4277.0,7838.0,5629.0,4264.0,5.18
529.0,Brent Cross,3441.0,2311.0,1807.0,3245.0,2131.0,1638.0,2.13
530.0,Bromley-by-Bow,4349.0,2843.0,2040.0,3986.0,2646.0,1926.0,2.63
531.0,Buckhurst Hill,3230.0,1965.0,973.0,3113.0,1729.0,947.0,1.91
532.0,Burnt Oak,6102.0,3763.0,2529.0,5599.0,3408.0,2391.0,3.62
534.0,Caledonian Road,8673.0,6117.0,4143.0,7860.0,5165.0,4007.0,5.25
535.0,Camden Town,28272.0,37885.0,15779.0,29891.0,43282.0,29625.0,21.61
536.0,Cannon Street,8741.0,0.0,0.0,7419.0,0.0,0.0,4.09
537.0,Canons Park,3391.0,1766.0,1183.0,3222.0,1590.0,1118.0,1.98
539.0,Chalfont & Latimer,2220.0,1010.0,702.0,2075.0,952.0,640.0,1.27
540.0,Chalk Farm,8662.0,7503.0,6490.0,7247.0,5816.0,4066.0,5.34
541.0,Chancery Lane,28353.0,6912.0,3671.0,29957.0,6962.0,3521.0,15.9
542.0,Embankment,29995.0,26505.0,17394.0,29487.0,27402.0,17057.0,19.88
543.0,Chesham,1218.0,638.0,385.0,946.0,565.0,342.0,0.65
544.0,Chigwell,940.0,387.0,180.0,743.0,363.0,190.0,0.49
545.0,Chiswick Park,3341.0,1881.0,1172.0,3655.0,1793.0,1120.0,2.1
546.0,Chorleywood,1755.0,785.0,407.0,1521.0,1401.0,714.0,1.01
547.0,Clapham Common,13157.0,11584.0,7624.0,14633.0,12768.0,7923.0,9.21
548.0,Clapham North,7715.0,8205.0,5051.0,9571.0,8069.0,5172.0,5.82
549.0,Clapham South,12511.0,8833.0,5707.0,12191.0,7942.0,5746.0,7.8
550.0,Cockfosters,2710.0,2659.0,1562.0,2663.0,2385.0,1558.0,1.81
551.0,Colindale,7275.0,4612.0,2999.0,6509.0,3863.0,2806.0,4.27
552.0,Colliers Wood,9214.0,6998.0,4569.0,8465.0,6083.0,4393.0,5.68
553.0,Covent Garden,26472.0,32731.0,21356.0,31067.0,44996.0,24297.0,21.29
554.0,Croxley,1611.0,557.0,346.0,1536.0,497.0,335.0,0.89
555.0,Dagenham East,3894.0,2569.0,1469.0,3496.0,2209.0,1415.0,2.29
556.0,Dagenham Heathway,8166.0,4889.0,3127.0,7868.0,4620.0,2996.0,4.91
557.0,Debden,3959.0,1720.0,886.0,3657.0,1539.0,841.0,2.2
558.0,Dollis Hill,6061.0,3875.0,3038.0,4136.0,2095.0,1899.0,3.18
560.0,Ealing Broadway,26762.0,17086.0,12130.0,24508.0,15898.0,11653.0,16.09
561.0,Ealing Common,5075.0,3652.0,2394.0,5113.0,3471.0,2482.0,3.24
562.0,Earl's Court,30803.0,27979.0,26157.0,29131.0,26881.0,24872.0,21.03
563.0,East Acton,5600.0,3728.0,2637.0,5502.0,3218.0,2502.0,3.47
564.0,Eastcote,4428.0,2218.0,1189.0,4104.0,1981.0,1194.0,2.52
565.0,East Finchley,10747.0,6671.0,4175.0,9788.0,5470.0,3926.0,6.3
566.0,East Ham,21199.0,15789.0,11034.0,20243.0,13920.0,10703.0,13.31
567.0,East Putney,9173.0,5904.0,3670.0,8011.0,4995.0,3403.0,5.33
568.0,Edgware,6633.0,4300.0,3029.0,6400.0,3968.0,3001.0,4.08
569.0,Edgware Road (Cir),10386.0,6160.0,4027.0,10111.0,6409.0,3984.0,6.31
570.0,Elephant & Castle,29079.0,20797.0,14576.0,27145.0,19241.0,13446.0,17.96
571.0,Elm Park,4351.0,2085.0,1188.0,4135.0,1900.0,1165.0,2.49
572.0,Epping,5391.0,3983.0,2371.0,3976.0,3569.0,2147.0,3.03
574.0,Euston,56039.0,44532.0,36468.0,57197.0,46640.0,33655.0,37.53
575.0,Euston Square,19540.0,6727.0,5091.0,20324.0,6745.0,4615.0,11.36
576.0,Fairlop,1567.0,881.0,485.0,1440.0,849.0,456.0,0.91
577.0,Farringdon,39802.0,7929.0,4625.0,35654.0,7602.0,3924.0,20.4
578.0,Finchley Central,9080.0,6138.0,3266.0,8787.0,5278.0,3397.0,5.51
579.0,Finchley Road,15125.0,10812.0,7316.0,14296.0,9685.0,7216.0,9.37
580.0,Finsbury Park,40602.0,37323.0,21661.0,38804.0,29494.0,20234.0,26.04
581.0,Fulham Broadway,15294.0,11201.0,6588.0,14958.0,9909.0,6027.0,9.5
582.0,Gants Hill,9339.0,5434.0,3712.0,8873.0,5163.0,3668.0,5.59
583.0,Gloucester Road,22020.0,17540.0,13201.0,21210.0,16783.0,11747.0,14.19
584.0,Golders Green,12239.0,8716.0,6445.0,11698.0,7638.0,5912.0,7.64
585.0,Goldhawk Road,2868.0,1912.0,1094.0,2679.0,1679.0,1118.0,1.72
586.0,Goodge Street,14611.0,6923.0,3419.0,14953.0,7142.0,3407.0,8.61
587.0,Grange Hill,1009.0,445.0,228.0,850.0,369.0,216.0,0.54
588.0,Great Portland Street,13222.0,4444.0,3047.0,12825.0,4041.0,2501.0,7.36
589.0,Greenford,6597.0,4277.0,2650.0,6506.0,4023.0,2550.0,4.05
590.0,Green Park,51766.0,30248.0,19110.0,58893.0,37811.0,22446.0,33.99
591.0,Gunnersbury,9028.0,3432.0,2262.0,7032.0,2857.0,2034.0,4.64
592.0,Hainault,4905.0,2662.0,1703.0,4577.0,2442.0,1643.0,2.86
593.0,Hammersmith (Dis),46256.0,31968.0,22166.0,44176.0,29993.0,20995.0,28.65
594.0,Hampstead,6570.0,5235.0,3883.0,6729.0,5282.0,4016.0,4.38
595.0,Hanger Lane,5731.0,3706.0,2589.0,5383.0,3211.0,2192.0,3.45
596.0,Harlesden,4187.0,2224.0,1384.0,3889.0,1990.0,1382.0,2.43
597.0,Harrow & Wealdstone,7344.0,4790.0,3109.0,6953.0,4361.0,2991.0,4.45
598.0,Harrow-on-the-Hill,13922.0,8933.0,6186.0,14514.0,8774.0,6227.0,8.85
599.0,Wood Lane,5337.0,4366.0,2949.0,5828.0,4834.0,2958.0,3.65
601.0,Hendon Central,11727.0,6574.0,4310.0,10856.0,5521.0,3883.0,6.83
602.0,High Barnet,4916.0,2910.0,1877.0,4510.0,2486.0,1699.0,2.88
603.0,Highbury & Islington,26407.0,18903.0,12331.0,26143.0,19125.0,13056.0,16.77
604.0,Highgate,7795.0,5344.0,3201.0,7420.0,4809.0,3272.0,4.76
605.0,High Street Kensington,20005.0,14575.0,9501.0,20494.0,15105.0,9302.0,12.9
606.0,Hillingdon,2525.0,1645.0,855.0,2287.0,1478.0,888.0,1.48
607.0,Holborn,51059.0,27751.0,16064.0,54112.0,29946.0,16109.0,31.51
608.0,Holland Park,5471.0,3564.0,2279.0,5192.0,3309.0,2181.0,3.32
609.0,Holloway Road,11709.0,7438.0,4704.0,11554.0,6969.0,4587.0,7.18
610.0,Hornchurch,3464.0,1486.0,740.0,3478.0,1513.0,779.0,2.0
611.0,Hounslow Central,6039.0,4081.0,3135.0,5859.0,3898.0,2919.0,3.78
612.0,Hounslow East,6332.0,4895.0,3875.0,6472.0,4534.0,3599.0,4.17
613.0,Hounslow West,5215.0,3869.0,2936.0,4761.0,3505.0,2725.0,3.24
614.0,Hyde Park Corner,7605.0,8865.0,6541.0,8419.0,9201.0,6882.0,5.79
615.0,Ickenham,1797.0,918.0,489.0,1779.0,880.0,481.0,1.06
616.0,Kennington,7238.0,5833.0,3760.0,6737.0,5622.0,3975.0,4.59
617.0,Kensal Green,4229.0,3075.0,2030.0,3722.0,2595.0,1945.0,2.54
618.0,Kensington (Olympia),1471.0,6321.0,3673.0,1441.0,5711.0,3670.0,1.8
619.0,Kentish Town,12553.0,7576.0,4943.0,12246.0,6868.0,4529.0,7.58
620.0,Kenton,3338.0,1972.0,1331.0,3067.0,1882.0,1242.0,1.97
621.0,Kew Gardens,5165.0,4201.0,2630.0,4829.0,3763.0,2405.0,3.24
622.0,Kilburn,12042.0,9329.0,6835.0,11526.0,8543.0,6628.0,7.69
623.0,Kilburn Park,5310.0,4518.0,3071.0,5130.0,4243.0,2925.0,3.45
624.0,Kingsbury,6312.0,3456.0,2557.0,5951.0,3128.0,2355.0,3.73
625.0,King's Cross St. Pancras,122769.0,103623.0,76905.0,120873.0,98725.0,72369.0,80.97
626.0,Knightsbridge,30893.0,35263.0,23851.0,30131.0,32215.0,20524.0,21.57
627.0,Ladbroke Grove,8482.0,9387.0,3934.0,7638.0,6132.0,3090.0,5.3
628.0,Lambeth North,5165.0,4698.0,3164.0,4715.0,4168.0,2755.0,3.31
629.0,Lancaster Gate,10159.0,8599.0,6659.0,9882.0,8400.0,5960.0,6.7
630.0,Latimer Road,3308.0,1553.0,1026.0,3190.0,1312.0,971.0,1.91
631.0,Leicester Square,50622.0,80989.0,43586.0,49380.0,78269.0,39976.0,38.51
632.0,Leyton,20031.0,16533.0,11510.0,19306.0,13863.0,10920.0,12.86
633.0,Leytonstone,16164.0,11738.0,8099.0,15495.0,10603.0,7687.0,10.1
634.0,Liverpool Street,102586.0,51748.0,48596.0,105404.0,52274.0,56558.0,64.23
635.0,London Bridge,107944.0,80397.0,47723.0,102917.0,77480.0,47154.0,67.16
636.0,Loughton,4949.0,3074.0,1596.0,5006.0,2874.0,1605.0,3.02
637.0,Maida Vale,5224.0,3793.0,2463.0,4680.0,3196.0,2309.0,3.15
638.0,Manor House,14611.0,11886.0,8507.0,13459.0,10167.0,8200.0,9.23
639.0,Mansion House,10143.0,3609.0,2026.0,10017.0,2640.0,1705.0,5.65
640.0,Marble Arch,23819.0,23158.0,16175.0,22196.0,20565.0,13830.0,15.69
641.0,Marylebone,19369.0,12108.0,7772.0,19875.0,12268.0,7741.0,12.11
642.0,Mile End,22916.0,16944.0,11816.0,20810.0,14523.0,11203.0,14.06
643.0,Mill Hill East,1670.0,968.0,604.0,1967.0,1120.0,679.0,1.1
645.0,Moorgate,37803.0,6585.0,3877.0,39028.0,6907.0,3828.0,20.59
646.0,Moor Park,1449.0,603.0,293.0,1394.0,572.0,293.0,0.81
647.0,Morden,12134.0,7653.0,5039.0,11309.0,7019.0,4840.0,7.28
648.0,Mornington Crescent,7122.0,3901.0,11047.0,6362.0,3257.0,1949.0,4.55
649.0,Neasden,4975.0,2923.0,2094.0,4427.0,2680.0,2045.0,2.91
650.0,Newbury Park,7224.0,4577.0,3114.0,5273.0,3705.0,2591.0,3.93
653.0,North Acton,8640.0,5278.0,3787.0,8141.0,4823.0,3484.0,5.2
654.0,North Ealing,1581.0,947.0,537.0,1355.0,824.0,537.0,0.9
655.0,Northfields,6531.0,4132.0,2777.0,6284.0,3662.0,2807.0,3.98
656.0,North Harrow,2770.0,1158.0,707.0,2533.0,1065.0,710.0,1.54
657.0,Northolt,7244.0,5114.0,3187.0,6797.0,4539.0,2972.0,4.42
659.0,North Wembley,2724.0,1842.0,1184.0,2523.0,1604.0,1140.0,1.64
660.0,Northwick Park,6453.0,2869.0,2387.0,6329.0,2612.0,2209.0,3.79
661.0,Northwood,3916.0,1892.0,1148.0,3455.0,1703.0,1064.0,2.18
662.0,Northwood Hills,2524.0,1242.0,750.0,2230.0,1085.0,709.0,1.41
663.0,Notting Hill Gate,24396.0,28382.0,15301.0,23878.0,33250.0,16213.0,17.28
664.0,Oakwood,3905.0,3191.0,2218.0,3332.0,3057.0,2148.0,2.41
665.0,Old Street,36379.0,19538.0,12661.0,35854.0,21940.0,11886.0,21.88
667.0,Osterley,3493.0,2699.0,1886.0,3328.0,2281.0,1590.0,2.19
668.0,Oval,9833.0,7703.0,5075.0,9138.0,6458.0,4639.0,6.11
669.0,Oxford Circus,119401.0,99998.0,54154.0,130658.0,105728.0,57521.0,80.55
670.0,Paddington,70505.0,51025.0,41569.0,72237.0,52546.0,40231.0,46.33
671.0,Park Royal,2497.0,1592.0,907.0,2646.0,1591.0,942.0,1.58
672.0,Parsons Green,10464.0,6280.0,3582.0,9866.0,5758.0,3495.0,6.19
673.0,Perivale,3567.0,2317.0,1461.0,3412.0,2121.0,1392.0,2.16
674.0,Piccadilly Circus,59135.0,71545.0,42387.0,59279.0,73489.0,39932.0,42.36
675.0,Pinner,4310.0,1963.0,1188.0,4129.0,1806.0,1174.0,2.47
676.0,Plaistow,10208.0,7084.0,4841.0,9670.0,6283.0,4724.0,6.29
677.0,Preston Road,5003.0,2750.0,2134.0,4676.0,2570.0,2060.0,2.97
678.0,Putney Bridge,8620.0,5825.0,4429.0,9103.0,5636.0,4359.0,5.6
679.0,Queensbury,5598.0,2988.0,2106.0,5573.0,2771.0,2071.0,3.37
680.0,Queen's Park,8960.0,6214.0,4152.0,8171.0,5270.0,3951.0,5.41
681.0,Queensway,11991.0,12570.0,9859.0,12080.0,12441.0,9889.0,8.56
682.0,Ravenscourt Park,4615.0,2688.0,1719.0,4396.0,2510.0,1749.0,2.75
683.0,Rayners Lane,6588.0,3709.0,2399.0,6437.0,3512.0,2366.0,3.95
684.0,Redbridge,4268.0,2953.0,1969.0,3855.0,2568.0,1829.0,2.57
685.0,Regent's Park,5737.0,3164.0,2027.0,6604.0,4251.0,2580.0,3.78
686.0,Richmond,11368.0,10295.0,5469.0,11803.0,9799.0,5551.0,7.56
687.0,Rickmansworth,3911.0,1646.0,912.0,3606.0,1472.0,824.0,2.17
688.0,Roding Valley,446.0,170.0,87.0,336.0,145.0,83.0,0.22
690.0,Royal Oak,3691.0,2157.0,1507.0,3486.0,2090.0,1610.0,2.22
691.0,Ruislip,2646.0,1573.0,892.0,2693.0,1576.0,895.0,1.62
692.0,Ruislip Gardens,1783.0,1110.0,628.0,1431.0,909.0,580.0,0.99
693.0,Ruislip Manor,2937.0,1518.0,818.0,2774.0,1379.0,809.0,1.69
694.0,Russell Square,20524.0,16715.0,12366.0,20156.0,16386.0,11755.0,13.44
695.0,St. James's Park,25210.0,6704.0,4166.0,26327.0,7194.0,4312.0,14.26
696.0,St. John's Wood,11142.0,7359.0,5254.0,11286.0,7340.0,5413.0,7.07
697.0,St. Paul's,24525.0,13120.0,9010.0,25450.0,13345.0,8423.0,15.05
698.0,Seven Sisters,21758.0,15899.0,11650.0,19300.0,13668.0,10830.0,13.25
700.0,Shepherd's Bush (Cen),33802.0,30777.0,20175.0,31416.0,28381.0,19149.0,21.9
702.0,Sloane Square,26212.0,18581.0,11357.0,26233.0,18438.0,10956.0,16.51
703.0,Snaresbrook,4869.0,2372.0,1383.0,3625.0,2078.0,1324.0,2.54
704.0,South Ealing,5412.0,3511.0,2282.0,5230.0,3233.0,2297.0,3.31
705.0,Southfields,9482.0,6368.0,3911.0,8393.0,5313.0,3658.0,5.58
706.0,Southgate,7830.0,4987.0,3272.0,7874.0,4868.0,3342.0,4.88
707.0,South Harrow,3624.0,2347.0,1571.0,3640.0,2285.0,1541.0,2.26
708.0,South Kensington,48391.0,41637.0,31172.0,48547.0,41308.0,30812.0,32.5
709.0,South Kenton,1700.0,951.0,547.0,1500.0,858.0,593.0,0.97
710.0,South Ruislip,2792.0,1933.0,1114.0,2690.0,1735.0,1053.0,1.71
711.0,South Wimbledon,6296.0,3942.0,2454.0,5597.0,3823.0,2490.0,3.7
712.0,South Woodford,6261.0,3815.0,2391.0,7799.0,4878.0,3040.0,4.33
713.0,Stamford Brook,4461.0,2675.0,1630.0,4163.0,2280.0,1570.0,2.63
714.0,Stanmore,5321.0,3702.0,2573.0,5293.0,3507.0,2582.0,3.36
715.0,Stepney Green,8055.0,4690.0,3281.0,7199.0,3881.0,3056.0,4.68
716.0,Stockwell,15556.0,11074.0,7362.0,12015.0,9324.0,6803.0,8.87
717.0,Stonebridge Park,4092.0,2407.0,1994.0,3929.0,2300.0,1534.0,2.48
718.0,Charing Cross,30548.0,28462.0,17357.0,25401.0,21206.0,12928.0,18.52
719.0,Stratford,74238.0,79991.0,52801.0,71501.0,75360.0,49109.0,50.96
720.0,Sudbury Hill,3370.0,2070.0,1289.0,3258.0,1896.0,1249.0,2.03
721.0,Sudbury Town,3416.0,2369.0,1679.0,2949.0,1862.0,1361.0,2.01
723.0,Swiss Cottage,12194.0,8475.0,5942.0,11522.0,7809.0,5573.0,7.53
724.0,Temple,13262.0,4908.0,2867.0,14109.0,5759.0,2964.0,7.82
725.0,Theydon Bois,1259.0,929.0,445.0,1129.0,818.0,427.0,0.75
726.0,Tooting Bec,11438.0,8036.0,5134.0,10251.0,6719.0,5116.0,6.86
727.0,Tooting Broadway,21045.0,15658.0,10070.0,20470.0,14131.0,9866.0,13.23
728.0,Tottenham Court Road,54489.0,46309.0,28907.0,55081.0,48343.0,28218.0,36.01
729.0,Tottenham Hale,15177.0,11628.0,8126.0,15381.0,10595.0,7349.0,9.8
730.0,Totteridge & Whetstone,3321.0,1791.0,1041.0,3089.0,1583.0,1023.0,1.92
731.0,Tower Hill,33376.0,30591.0,21013.0,33372.0,30256.0,21128.0,22.54
733.0,Tufnell Park,6050.0,5033.0,3220.0,5187.0,4052.0,2901.0,3.68
734.0,Turnham Green,9592.0,6467.0,4218.0,9660.0,6257.0,4213.0,6.03
735.0,Turnpike Lane,14670.0,12039.0,8604.0,14589.0,10835.0,8437.0,9.6
736.0,Upminster,7641.0,4619.0,2035.0,8282.0,4210.0,2091.0,4.73
737.0,Upminster Bridge,2038.0,537.0,230.0,1989.0,458.0,238.0,1.1
738.0,Upney,3712.0,2178.0,1329.0,3313.0,1774.0,1109.0,2.13
739.0,Upton Park,16400.0,12605.0,8755.0,15267.0,12238.0,8198.0,10.3
740.0,Uxbridge,11878.0,6599.0,4075.0,11903.0,6223.0,4286.0,7.18
741.0,Victoria,126275.0,96658.0,70312.0,130050.0,92731.0,69643.0,82.96
742.0,Walthamstow Central,23987.0,17380.0,11242.0,23250.0,16779.0,11839.0,15.09
743.0,Wanstead,4110.0,2894.0,1732.0,4069.0,2645.0,1711.0,2.56
745.0,Warren Street,28841.0,10628.0,6618.0,29195.0,10220.0,6037.0,16.51
746.0,Warwick Avenue,7151.0,5074.0,3235.0,6438.0,4433.0,3154.0,4.31
747.0,Waterloo,139941.0,91036.0,51622.0,146314.0,91296.0,54391.0,88.16
748.0,Watford,2740.0,1355.0,877.0,2635.0,1334.0,858.0,1.6
751.0,Wembley Central,7519.0,6689.0,4645.0,7924.0,6660.0,5086.0,5.18
752.0,Wembley Park,16104.0,12131.0,11520.0,15589.0,11481.0,11459.0,10.6
753.0,West Acton,2604.0,1728.0,1048.0,2486.0,1566.0,1001.0,1.58
754.0,Westbourne Park,5936.0,3736.0,2196.0,5012.0,3010.0,1965.0,3.37
755.0,West Brompton,6993.0,5780.0,4005.0,6868.0,5485.0,3543.0,4.54
756.0,West Finchley,2423.0,1267.0,708.0,2164.0,1070.0,704.0,1.37
757.0,West Ham,5258.0,4288.0,2864.0,4714.0,3880.0,2619.0,3.27
758.0,West Hampstead,15982.0,12085.0,7807.0,14479.0,9553.0,7131.0,9.71
759.0,West Harrow,1797.0,1082.0,613.0,1808.0,1170.0,652.0,1.1
760.0,West Kensington,8560.0,6034.0,4403.0,6910.0,4683.0,3687.0,4.95
761.0,Westminster,31925.0,31311.0,23020.0,32353.0,30247.0,21425.0,22.09
762.0,West Ruislip,2645.0,2017.0,1099.0,2472.0,1717.0,986.0,1.61
763.0,Whitechapel,21412.0,11897.0,8098.0,21477.0,11628.0,8252.0,13.04
764.0,White City,12702.0,6580.0,4304.0,12330.0,6547.0,4334.0,7.53
765.0,Willesden Green,13129.0,10190.0,7330.0,12201.0,8640.0,6895.0,8.23
766.0,Willesden Junction,6468.0,4343.0,2379.0,6463.0,3938.0,2448.0,3.99
767.0,Wimbledon,20137.0,13029.0,8929.0,17927.0,11635.0,8704.0,11.95
768.0,Wimbledon Park,3589.0,2434.0,1272.0,3248.0,2020.0,1227.0,2.11
769.0,Woodford,9028.0,6125.0,3489.0,6375.0,5013.0,3015.0,4.86
770.0,Wood Green,18064.0,14805.0,10352.0,17015.0,13611.0,9667.0,11.53
771.0,Woodside Park,4424.0,2504.0,1607.0,4254.0,2575.0,1793.0,2.66
773.0,Hammersmith (H&C),14633.0,10055.0,6733.0,12503.0,9282.0,6261.0,8.64
774.0,Edgware Road (Bak),7132.0,4691.0,3000.0,7071.0,4753.0,2774.0,4.43
775.0,Shepherd's Bush (H&C),5228.0,4204.0,2647.0,4782.0,3856.0,2535.0,3.26
776.0,Pimlico,16327.0,9971.0,7224.0,15409.0,9723.0,7252.0,9.91
777.0,Vauxhall,37684.0,27360.0,17381.0,33902.0,24709.0,16916.0,22.84
778.0,Brixton,39375.0,31587.0,20489.0,36606.0,29938.0,20208.0,24.82
779.0,Hatton Cross,4777.0,3525.0,2874.0,4346.0,3068.0,2358.0,2.96
780.0,Heathrow Terminals 123,11338.0,11349.0,11405.0,10127.0,10018.0,9857.0,7.8
781.0,Heathrow Terminal 4,3350.0,3817.0,4099.0,3075.0,3464.0,3233.0,2.44
783.0,Heathrow Terminal 5,5451.0,4889.0,5993.0,4630.0,4207.0,4456.0,3.64
784.0,Southwark,20385.0,8471.0,5606.0,20635.0,9515.0,5644.0,11.98
787.0,Bermondsey,13039.0,9210.0,6393.0,12012.0,8347.0,6296.0,8.0
788.0,Canada Water,15956.0,13969.0,10258.0,15928.0,13398.0,10675.0,10.72
789.0,North Greenwich,34450.0,30255.0,21166.0,37528.0,33877.0,23340.0,24.17
852.0,Canary Wharf,83213.0,29831.0,20216.0,85122.0,29358.0,20063.0,48.04
884.0,Canning Town,13491.0,11624.0,8130.0,12840.0,10428.0,7625.0,8.74
